"customer_id","customer_name","region","total_sales","rank_in_region"
"AB-16523","Alan Barnes","Canada","410.88","1"
"AS-13523","Adrian Shami","Canada","187.02","2"
"AH-1007523","Adam Hart","Canada","137.31","3"
"AH-19523","Alan Haines","Canada","87.84","4"
"AB-10523","Adrian Barton","Canada","63.96","5"
"LH-1675036","Larry Hughes","Caribbean","3863.90","1"
"JF-1529531","Jason Fortune-","Caribbean","2818.08","2"
"JE-1574531","Joel Eaton","Caribbean","2419.20","3"
"RE-1945036","Richard Eichhorn","Caribbean","2375.30","4"
"ML-1741031","Maris LaWare","Caribbean","1916.88","5"
"MC-1763536","Matthew Clasen","Caribbean","1914.08","6"
"AA-1048031","Andrew Allen","Caribbean","1801.60","7"
"LS-1720080","Luke Schmidt","Caribbean","1773.72","8"
"RR-1952536","Rick Reed","Caribbean","1696.64","9"
"JL-1523536","Janet Lee","Caribbean","1510.96","10"
"TB-2125031","Tim Brockman","Caribbean","1483.00","11"
"FM-1429065","Frank Merwin","Caribbean","1380.90","12"
"SG-2047031","Sheri Gordon","Caribbean","1143.44","13"
"SM-2032036","Sean Miller","Caribbean","1124.26","14"
"TM-2149031","Tony Molinari","Caribbean","1053.69","15"
"CP-1234036","Christine Phan","Caribbean","912.24","16"
"DB-1321036","Dean Braden","Caribbean","803.04","17"
"DA-1345031","Dianna Arnett","Caribbean","755.81","18"
"BW-106533","Barry Weirich","Central Africa","6358.56","1"
"MG-814533","Mike Gockenbach","Central Africa","3908.88","2"
"MB-730533","Maria Bertelson","Central Africa","3877.68","3"
"HM-498033","Henry MacAllister","Central Africa","3856.14","4"
"AH-1003033","Aaron Hawkins","Central Africa","3817.26","5"
"BP-123022","Benjamin Patterson","Central Africa","2816.76","6"
"HZ-49504","Henia Zydlo","Central Africa","2478.60","7"
"MH-744033","Mark Haberlin","Central Africa","1752.60","8"
"IM-5055106","Ionia McGrath","Central Africa","1660.80","9"
"SM-1032025","Sean Miller","Central Africa","1288.80","10"
"DK-337533","Dennis Kane","Central Africa","1018.32","11"
"SC-1072524","Steven Cartwright","Central Africa","976.08","12"
"FH-1436582","Fred Hopkins","Central America","8999.06","1"
"CS-1246093","Chuck Sachs","Central America","3633.38","2"
"AG-1090082","Arthur Gainer","Central America","3242.88","3"
"DM-1295551","Dario Medina","Central America","3117.09","4"
"BO-1142582","Bobby Odegard","Central America","3045.84","5"
"SJ-2021582","Sarah Jordon","Central America","3045.84","5"
"MC-1763582","Matthew Clasen","Central America","3045.84","5"
"MY-1829593","Muhammed Yedwab","Central America","3018.40","6"
"XP-2186539","Xylona Preis","Central America","2833.76","7"
"HL-1504093","Hunter Lopez","Central America","2797.25","8"
"DC-1328551","Debra Catini","Central America","2616.96","9"
"NS-1850582","Neola Schneider","Central America","2582.16","10"
"DK-1337582","Dennis Kane","Central America","2550.00","11"
"MS-1736539","Maribeth Schnelling","Central America","2544.24","12"
"DJ-1342082","Denny Joy","Central America","2528.26","13"
"BN-1147082","Brad Norvell","Central America","2509.36","14"
"AT-1043582","Alyssa Tate","Central America","2455.88","15"
"ST-2053093","Shui Tom","Central America","2443.48","16"
"AZ-1075093","Annie Zypern","Central America","2429.44","17"
"CY-1274582","Craig Yedwab","Central America","2365.66","18"
"CM-1216093","Charles McCrossin","Central America","2344.00","19"
"DV-1346539","Dianna Vittorini","Central America","2325.28","20"
"BG-1169582","Brooke Gillingham","Central America","2226.82","21"
"NF-1838582","Natalie Fritzler","Central America","2205.57","22"
"DA-1345055","Dianna Arnett","Central America","2180.24","23"
"NC-1841593","Nathan Cano","Central America","2146.60","24"
"CC-1210082","Chad Cunningham","Central America","2142.30","25"
"PB-1880593","Patrick Bzostek","Central America","2125.00","26"
"JM-1558082","Jill Matthias","Central America","2124.50","27"
"BH-1171039","Brosina Hoffman","Central America","2120.80","28"
"LC-1705051","Liz Carlisle","Central America","2120.80","28"
"TP-2113082","Theone Pippenger","Central America","2120.70","29"
"VD-2167039","Valerie Dominguez","Central America","2106.50","30"
"SJ-2050051","Shirley Jackson","Central America","2040.92","31"
"BF-1121593","Benjamin Farhat","Central America","2014.36","32"
"AH-1007582","Adam Hart","Central America","2003.52","33"
"DK-1298539","Darren Koutras","Central America","1903.00","34"
"CR-1282051","Cyra Reiten","Central America","1902.11","35"
"BE-1133582","Bill Eplett","Central America","1888.70","36"
"TT-2122051","Thomas Thornton","Central America","1815.24","37"
"KC-1654093","Kelly Collister","Central America","1810.30","38"
"CS-1249082","Cindy Schnelling","Central America","1731.07","39"
"JM-1586582","John Murray","Central America","1715.06","40"
"NP-1832582","Naresj Patel","Central America","1713.84","41"
"EM-1420082","Evan Minnotte","Central America","1704.00","42"
"AG-1052582","Andy Gerbode","Central America","1697.58","43"
"TC-2114582","Theresa Coyne","Central America","1696.40","44"
"MO-1780051","Meg O'Connel","Central America","1479.36","45"
"SC-2057582","Sonia Cooley","Central America","1410.40","46"
"SC-2044082","Shaun Chance","Central America","1308.48","47"
"JB-1600093","Joy Bell-","Central America","1278.00","48"
"BM-1178582","Bryan Mills","Central America","1278.00","48"
"SF-2020039","Sarah Foster","Central America","1274.70","49"
"SC-2069539","Steve Chapman","Central America","1269.60","50"
"JB-1540051","Jennifer Braxton","Central America","1258.78","51"
"AH-1046593","Amy Hunt","Central America","1198.30","52"
"FM-1421551","Filia McAdams","Central America","1058.28","53"
"DC-1328582","Debra Catini","Central America","1011.70","54"
"NW-1840082","Natalie Webber","Central America","1003.35","55"
"CM-1271582","Craig Molinari","Central America","976.96","56"
"MP-1747093","Mark Packer","Central America","947.22","57"
"DG-1330082","Deirdre Greer","Central America","935.50","58"
"SG-2089051","Susan Gilcrest","Central America","882.03","59"
"LS-1724582","Lynn Smith","Central America","849.80","60"
"AR-1034582","Alex Russell","Central America","836.93","61"
"DK-1298582","Darren Koutras","Central America","825.79","62"
"AH-1003082","Aaron Hawkins","Central America","780.61","63"
"LC-1688582","Lena Creighton","Central America","775.54","64"
"PG-1889582","Paul Gonzalez","Central America","751.49","65"
"GR-1456082","Georgia Rosenberg","Central America","726.72","66"
"SL-2015582","Sara Luxemburg","Central America","585.46","67"
"SC-2084582","Sung Chung","Central America","533.22","68"
"AB-101051402","Adrian Barton","Central US","12181.60","1"
"AS-100451402","Aaron Smayling","Central US","1476.27","2"
"AS-100901402","Adam Shillingsburg","Central US","1252.32","3"
"AD-101801402","Alan Dominguez","Central US","600.56","4"
"AB-100151402","Aaron Bergman","Central US","576.56","5"
"AB-100601402","Adam Bellavance","Central US","240.15","6"
"AH-101201402","Adrian Hane","Central US","224.56","7"
"AH-100751402","Adam Hart","Central US","217.44","8"
"AH-102101402","Alan Hwang","Central US","195.96","9"
"AB-101501402","Aimee Bixby","Central US","169.19","10"
"AB-101651402","Alan Barnes","Central US","37.30","11"
"AH-101951402","Alan Haines","Central US","16.03","12"
"SM-10005116","Sally Matthias","Eastern Africa","3834.00","1"
"RH-9555129","Ritsa Hightower","Eastern Africa","3409.74","2"
"DG-330087","Deirdre Greer","Eastern Africa","2582.16","3"
"DB-3360146","Dennis Bolton","Eastern Africa","2134.44","4"
"CC-247587","Cindy Chapman","Eastern Africa","1854.72","5"
"DH-367577","Duane Huffman","Eastern Africa","1519.92","6"
"JW-522087","Jane Waco","Eastern Africa","856.80","7"
"TR-11325129","Toby Ritter","Eastern Africa","642.72","8"
"HH-5010129","Hilary Holden","Eastern Africa","553.44","9"
"CA-1196566","Carol Adams","Eastern Asia","6998.64","1"
"PF-1912027","Peter Fuller","Eastern Asia","6521.04","2"
"PB-19210127","Phillip Breyer","Eastern Asia","6150.84","3"
"CM-1216027","Charles McCrossin","Eastern Asia","5737.50","4"
"Dp-1324027","Dean percer","Eastern Asia","5725.35","5"
"JL-1583527","John Lee","Eastern Asia","5211.12","6"
"DB-1340527","Denny Blanton","Eastern Asia","5049.00","7"
"MO-1780066","Meg O'Connel","Eastern Asia","4306.32","8"
"VG-2180527","Vivek Grady","Eastern Asia","4260.97","9"
"SB-2017027","Sarah Bern","Eastern Asia","4163.73","10"
"RO-1978027","Rose O'Brian","Eastern Asia","3670.80","11"
"CS-1184527","Cari Sayre","Eastern Asia","3622.71","12"
"AP-1091527","Arthur Prichep","Eastern Asia","3520.86","13"
"BN-1147027","Brad Norvell","Eastern Asia","3417.48","14"
"QJ-1925527","Quincy Jones","Eastern Asia","3391.74","15"
"AS-1022527","Alan Schoenberger","Eastern Asia","3298.26","16"
"CD-1192027","Carlos Daly","Eastern Asia","3272.01","17"
"AR-1051027","Andrew Roberts","Eastern Asia","3271.20","18"
"BT-1168066","Brian Thompson","Eastern Asia","3242.88","19"
"BW-1111027","Bart Watters","Eastern Asia","3238.31","20"
"GW-1460527","Giulietta Weimer","Eastern Asia","3216.24","21"
"SZ-2003527","Sam Zeldin","Eastern Asia","3200.04","22"
"GM-1444027","Gary McGarr","Eastern Asia","3180.75","23"
"CT-1199566","Carol Triggs","Eastern Asia","3038.64","24"
"SO-2033527","Sean O'Donnell","Eastern Asia","3000.78","25"
"TS-2150527","Tony Sayre","Eastern Asia","2906.40","26"
"JH-1591066","Jonathan Howell","Eastern Asia","2888.76","27"
"JK-1532527","Jason Klamczynski","Eastern Asia","2754.00","28"
"JF-1541527","Jennifer Ferguson","Eastern Asia","2614.69","29"
"NL-1831027","Nancy Lomonaco","Eastern Asia","2571.12","30"
"AG-1049527","Andrew Gjertsen","Eastern Asia","2518.95","31"
"AC-1042027","Alyssa Crouse","Eastern Asia","2470.50","32"
"NM-1844527","Nathan Mautz","Eastern Asia","2338.92","33"
"MM-1792027","Michael Moore","Eastern Asia","2330.64","34"
"RA-1988527","Ruben Ausman","Eastern Asia","2301.00","35"
"DK-1309027","Dave Kipp","Eastern Asia","2272.86","36"
"HJ-1487527","Heather Jas","Eastern Asia","2214.85","37"
"NF-1859527","Nicole Fjeld","Eastern Asia","2173.50","38"
"PL-1892527","Paul Lucas","Eastern Asia","2063.40","39"
"KD-1649527","Keith Dawkins","Eastern Asia","2063.40","39"
"DB-1306027","Dave Brooks","Eastern Asia","2043.72","40"
"TW-2102527","Tamara Willingham","Eastern Asia","2018.88","41"
"PO-1919527","Phillina Ober","Eastern Asia","2018.33","42"
"JW-1595527","Joni Wasserman","Eastern Asia","1944.90","43"
"PN-1877527","Parhena Norris","Eastern Asia","1860.00","44"
"MF-1766527","Maureen Fritzler","Eastern Asia","1839.18","45"
"CC-1247566","Cindy Chapman","Eastern Asia","1773.72","46"
"TP-2113027","Theone Pippenger","Eastern Asia","1760.43","47"
"CM-1193527","Carlos Meador","Eastern Asia","1682.91","48"
"ML-1741027","Maris LaWare","Eastern Asia","1609.29","49"
"LH-1702027","Lisa Hazard","Eastern Asia","1583.70","50"
"JM-1525027","Janet Martin","Eastern Asia","1581.48","51"
"BG-1103527","Barry Gonzalez","Eastern Asia","1581.03","52"
"KB-1658527","Ken Black","Eastern Asia","1521.00","53"
"VS-2182027","Vivek Sundaresam","Eastern Asia","1455.12","54"
"LA-1678027","Laura Armstrong","Eastern Asia","1447.44","55"
"SJ-2021527","Sarah Jordon","Eastern Asia","1446.60","56"
"JR-1567027","Jim Radford","Eastern Asia","1317.90","57"
"GH-1466527","Greg Hansen","Eastern Asia","1296.24","58"
"SC-2084527","Sung Chung","Eastern Asia","1278.00","59"
"HA-1492027","Helen Andreada","Eastern Asia","1275.00","60"
"DV-1346527","Dianna Vittorini","Eastern Asia","1274.70","61"
"BM-1178527","Bryan Mills","Eastern Asia","1274.16","62"
"BF-1097527","Barbara Fisher","Eastern Asia","1273.56","63"
"RW-1969027","Robert Waldorf","Eastern Asia","1266.36","64"
"GH-1442527","Gary Hwang","Eastern Asia","1236.33","65"
"CJ-1201027","Caroline Jumper","Eastern Asia","1063.44","66"
"AB-1001527","Aaron Bergman","Eastern Asia","1024.68","67"
"BS-1159066","Brendan Sweed","Eastern Asia","1001.88","68"
"PS-1904527","Penelope Sewall","Eastern Asia","1001.70","69"
"SL-2015566","Sara Luxemburg","Eastern Asia","972.62","70"
"EM-1382566","Elizabeth Moffitt","Eastern Asia","959.76","71"
"Dp-1324066","Dean percer","Eastern Asia","951.72","72"
"HD-1478527","Harold Dahlen","Eastern Asia","924.66","73"
"MM-1726027","Magdelene Morse","Eastern Asia","910.35","74"
"NF-1847527","Neil Französisch","Eastern Asia","899.55","75"
"PS-18970118","Paul Stevenson","Eastern Asia","810.72","76"
"RR-1952527","Rick Reed","Eastern Asia","791.19","77"
"BT-1168027","Brian Thompson","Eastern Asia","724.80","78"
"SV-2093527","Susan Vittorini","Eastern Asia","703.35","79"
"MD-7860137","Michael Dominguez","Eastern Europe","3955.14","1"
"CR-2625108","Corey Roper","Eastern Europe","3498.72","2"
"SH-997557","Sally Hughsby","Eastern Europe","3449.88","3"
"GZ-4545108","George Zrebassa","Eastern Europe","3312.24","4"
"DJ-3510137","Don Jones","Eastern Europe","3146.40","5"
"MZ-733513","Maria Zettner","Eastern Europe","2757.78","6"
"MC-7275137","Marc Crier","Eastern Europe","2605.56","7"
"RB-9465108","Rick Bensley","Eastern Europe","2570.76","8"
"JL-5130108","Jack Lebron","Eastern Europe","2544.84","9"
"AB-600103","Ann Blume","Eastern Europe","1977.72","10"
"DW-3480137","Dianna Wilson","Eastern Europe","1858.68","11"
"JK-5730108","Joe Kamberova","Eastern Europe","1782.48","12"
"TT-11265103","Tim Taslimi","Eastern Europe","1743.96","13"
"SG-10605107","Speros Goranitis","Eastern Europe","1554.48","14"
"DB-3660107","Duane Benoit","Eastern Europe","1391.52","15"
"MM-8280108","Muhammed MacIntyre","Eastern Europe","1279.32","16"
"EH-412557","Eugene Hildebrand","Eastern Europe","1269.90","17"
"CB-2025103","Cassandra Brandow","Eastern Europe","1188.36","18"
"AS-285108","Alejandro Savely","Eastern Europe","954.60","19"
"CC-2550137","Clay Cheatham","Eastern Europe","855.15","20"
"TC-11145108","Theresa Coyne","Eastern Europe","827.28","21"
"NC-8415137","Nathan Cano","Eastern Europe","680.28","22"
"AG-27032","Alejandro Grove","Eastern Europe","457.14","23"
"AB-100601406","Adam Bellavance","Eastern US","4487.36","1"
"AH-100751406","Adam Hart","Eastern US","2214.06","2"
"AS-100901406","Adam Shillingsburg","Eastern US","1954.36","3"
"AD-101801406","Alan Dominguez","Eastern US","1152.98","4"
"AH-102101406","Alan Hwang","Eastern US","801.99","5"
"AB-101501406","Aimee Bixby","Eastern US","797.52","6"
"AH-100301406","Aaron Hawkins","Eastern US","330.12","7"
"AH-101951406","Alan Haines","Eastern US","161.35","8"
"AB-101651406","Alan Barnes","Eastern US","118.32","9"
"AB-101051406","Adrian Barton","Eastern US","117.96","10"
"AS-100451406","Aaron Smayling","Eastern US","65.78","11"
"AS-101351406","Adrian Shami","Eastern US","54.64","12"
"DP-310586","Dave Poirier","North Africa","5301.24","1"
"JF-541586","Jennifer Ferguson","North Africa","2880.18","2"
"GP-474086","Guy Phonely","North Africa","2691.84","3"
"MT-807038","Michelle Tran","North Africa","2615.94","4"
"AJ-96086","Astrea Jones","North Africa","2544.60","5"
"PO-919586","Phillina Ober","North Africa","2280.60","6"
"AB-25586","Alejandro Ballentine","North Africa","2266.44","7"
"AH-21038","Alan Hwang","North Africa","2243.88","8"
"RP-985586","Roy Phan","North Africa","1553.76","9"
"JR-567038","Jim Radford","North Africa","1274.70","10"
"RO-97803","Rose O'Brian","North Africa","613.26","11"
"GT-14710139","Greg Tran","Northern Europe","5785.02","1"
"JG-15160139","James Galang","Northern Europe","5451.30","2"
"BP-11155139","Becky Pak","Northern Europe","5276.99","3"
"LB-16795139","Laurel Beltran","Northern Europe","5273.70","4"
"AB-10150139","Aimee Bixby","Northern Europe","5118.88","5"
"AM-10360139","Alice McCarthy","Northern Europe","4453.05","6"
"PO-18865139","Patrick O'Donnell","Northern Europe","4141.02","7"
"EB-13840139","Ellis Ballard","Northern Europe","3979.29","8"
"CA-12265139","Christina Anderson","Northern Europe","3315.27","9"
"KN-16390139","Katherine Nockton","Northern Europe","3119.34","10"
"MS-17770139","Maxwell Schwartz","Northern Europe","2898.21","11"
"CC-12370139","Christopher Conant","Northern Europe","2698.65","12"
"SA-20830139","Sue Ann Reed","Northern Europe","2624.04","13"
"JF-15415139","Jennifer Ferguson","Northern Europe","2518.95","14"
"YC-21895139","Yoseph Carroll","Northern Europe","2291.81","15"
"BD-11560139","Brendan Dodson","Northern Europe","2285.70","16"
"JC-610575","Julie Creighton","Northern Europe","2171.16","17"
"LR-1691544","Lena Radford","Northern Europe","2145.72","18"
"EG-13900139","Emily Grady","Northern Europe","2111.97","19"
"PJ-19015139","Pauline Johnson","Northern Europe","1983.02","20"
"EB-13975139","Erica Bern","Northern Europe","1954.44","21"
"EB-13930139","Eric Barreto","Northern Europe","1908.18","22"
"BE-11335139","Bill Eplett","Northern Europe","1893.30","23"
"AY-10555139","Andy Yotov","Northern Europe","1891.50","24"
"BN-11470139","Brad Norvell","Northern Europe","1773.54","25"
"AS-10090139","Adam Shillingsburg","Northern Europe","1699.83","26"
"MS-17830139","Melanie Seite","Northern Europe","1694.25","27"
"RW-1954096","Rick Wilson","Northern Europe","1590.90","28"
"TS-21610139","Troy Staebel","Northern Europe","1560.24","29"
"MY-1738096","Maribeth Yedwab","Northern Europe","1533.15","30"
"DL-13315139","Delfina Latchford","Northern Europe","1399.11","31"
"DH-13675139","Duane Huffman","Northern Europe","1314.45","32"
"AB-60042","Ann Blume","Northern Europe","1302.78","33"
"CS-11950124","Carlos Soltero","Northern Europe","1293.68","34"
"BT-11395139","Bill Tyler","Northern Europe","1248.84","35"
"BG-1103544","Barry Gonzalez","Northern Europe","1245.00","36"
"CM-12235139","Chris McAfee","Northern Europe","1237.44","37"
"JD-16150139","Justin Deggeller","Northern Europe","1233.63","38"
"TW-21025139","Tamara Willingham","Northern Europe","1199.76","39"
"RB-943575","Richard Bierner","Northern Europe","1172.66","40"
"GR-1456096","Georgia Rosenberg","Northern Europe","964.08","41"
"DB-13210139","Dean Braden","Northern Europe","935.17","42"
"ME-17320139","Maria Etezadi","Northern Europe","856.68","43"
"PW-19030139","Pauline Webber","Northern Europe","788.40","44"
"BP-11185139","Ben Peterman","Northern Europe","554.53","45"
"DP-131057","Dave Poirier","Oceania","7569.83","1"
"AS-1063092","Ann Steele","Oceania","6439.80","2"
"DR-129407","Daniel Raglin","Oceania","5801.46","3"
"MB-173057","Maria Bertelson","Oceania","5486.67","4"
"MB-1808592","Mick Brown","Oceania","5244.84","5"
"CR-127307","Craig Reiter","Oceania","5175.17","6"
"BE-114557","Brad Eason","Oceania","4953.36","7"
"TA-213857","Tom Ashbrook","Oceania","4864.32","8"
"GB-145307","George Bell","Oceania","4448.22","9"
"MW-182207","Mitch Webber","Oceania","4191.51","10"
"KN-163907","Katherine Nockton","Oceania","4099.68","11"
"DB-130607","Dave Brooks","Oceania","3739.18","12"
"JR-162107","Justin Ritter","Oceania","3709.40","13"
"NH-1861092","Nicole Hansen","Oceania","3694.68","14"
"BS-116657","Brian Stugart","Oceania","3653.32","15"
"CG-125207","Claire Gute","Oceania","3569.64","16"
"CR-126257","Corey Roper","Oceania","3527.22","17"
"RW-195407","Rick Wilson","Oceania","3524.47","18"
"AH-105857","Angele Hood","Oceania","3177.93","19"
"RP-192707","Rachel Payne","Oceania","3068.36","20"
"CD-122807","Christina DeMoss","Oceania","2993.03","21"
"SV-208157","Stuart Van","Oceania","2951.99","22"
"SW-207557","Steven Ward","Oceania","2897.91","23"
"RF-197357","Roland Fjeld","Oceania","2892.11","24"
"NZ-185657","Nick Zandusky","Oceania","2891.70","25"
"DL-128657","Dan Lawera","Oceania","2875.10","26"
"SC-200507","Sample Company A","Oceania","2875.10","26"
"KN-164507","Kean Nguyen","Oceania","2863.35","27"
"JH-158207","John Huston","Oceania","2863.35","27"
"JM-156557","Jim Mitchum","Oceania","2862.68","28"
"CM-124457","Chuck Magee","Oceania","2841.66","29"
"EL-137357","Ed Ludwig","Oceania","2634.55","30"
"GH-144257","Gary Hwang","Oceania","2619.00","31"
"JS-156857","Jim Sink","Oceania","2565.59","32"
"GK-1462092","Grace Kelly","Oceania","2533.92","33"
"RB-193607","Raymond Buch","Oceania","2398.37","34"
"CJ-118757","Carl Jackson","Oceania","2383.86","35"
"BM-115757","Brendan Murry","Oceania","2301.14","36"
"MD-178607","Michael Dominguez","Oceania","2293.49","37"
"PS-189707","Paul Stevenson","Oceania","2125.32","38"
"AM-107057","Anne McFarland","Oceania","2074.73","39"
"NL-1831092","Nancy Lomonaco","Oceania","2046.96","40"
"AB-100157","Aaron Bergman","Oceania","2046.20","41"
"KM-162257","Kalyca Meade","Oceania","2042.82","42"
"PB-191057","Peter Bühler","Oceania","2015.50","43"
"CM-121157","Chad McGuire","Oceania","1943.19","44"
"BC-1112592","Becky Castell","Oceania","1917.36","45"
"RD-1993092","Russell D'Ascenzo","Oceania","1900.58","46"
"VS-218207","Vivek Sundaresam","Oceania","1894.54","47"
"PB-192107","Phillip Breyer","Oceania","1887.84","48"
"CS-121757","Charles Sheldon","Oceania","1863.00","49"
"NC-186257","Noah Childs","Oceania","1847.52","50"
"MR-175457","Mathew Reese","Oceania","1837.56","51"
"ST-205307","Shui Tom","Oceania","1832.61","52"
"TS-2134092","Toby Swindell","Oceania","1822.08","53"
"PK-190757","Pete Kriz","Oceania","1809.26","54"
"NC-183407","Nat Carroll","Oceania","1788.82","55"
"MP-181757","Mike Pelletier","Oceania","1725.46","56"
"RR-193157","Ralph Ritter","Oceania","1718.17","57"
"SN-207107","Steve Nguyen","Oceania","1709.24","58"
"BF-110807","Bart Folk","Oceania","1705.00","59"
"AB-101057","Adrian Barton","Oceania","1703.03","60"
"JK-153257","Jason Klamczynski","Oceania","1695.87","61"
"BD-116057","Brian Dahlen","Oceania","1656.72","62"
"DL-129257","Daniel Lacy","Oceania","1641.09","63"
"RL-196157","Rob Lucas","Oceania","1637.01","64"
"AR-105707","Anemone Ratner","Oceania","1612.85","65"
"LC-168857","Lena Creighton","Oceania","1601.64","66"
"TH-212357","Tiffany House","Oceania","1596.51","67"
"CS-121307","Chad Sievert","Oceania","1586.41","68"
"PO-191957","Phillina Ober","Oceania","1582.20","69"
"AH-100757","Adam Hart","Oceania","1534.87","70"
"TS-212057","Thomas Seio","Oceania","1512.00","71"
"CK-1259592","Clytie Kelty","Oceania","1460.28","72"
"TC-211457","Theresa Coyne","Oceania","1411.34","73"
"RA-199157","Russell Applegate","Oceania","1403.08","74"
"HL-150407","Hunter Lopez","Oceania","1336.36","75"
"KS-163007","Karen Seio","Oceania","1320.62","76"
"FC-142457","Frank Carlisle","Oceania","1221.56","77"
"LC-1705092","Liz Carlisle","Oceania","1136.66","78"
"CC-125507","Clay Cheatham","Oceania","1027.73","79"
"GM-144407","Gary McGarr","Oceania","972.57","80"
"JC-161057","Julie Creighton","Oceania","953.82","81"
"CM-123857","Christopher Martinez","Oceania","952.29","82"
"VT-2170092","Valerie Takahito","Oceania","877.02","83"
"JC-157757","John Castell","Oceania","819.94","84"
"VP-217307","Victor Preis","Oceania","808.73","85"
"CG-1204092","Catherine Glotzbach","Oceania","759.06","86"
"MH-180257","Michelle Huthwaite","Oceania","689.09","87"
"PM-191357","Peter McVee","Oceania","660.69","88"
"CA-1226592","Christina Anderson","Oceania","607.32","89"
"JH-15820141","John Huston","South America","3473.14","1"
"VT-2170018","Valerie Takahito","South America","3393.12","2"
"MD-1735028","Maribeth Dona","South America","3172.14","3"
"SB-2018518","Sarah Brown","South America","3044.80","4"
"SS-2014018","Saphhira Shifley","South America","2751.20","5"
"AB-1006028","Adam Bellavance","South America","2472.66","6"
"BG-1174018","Bruce Geld","South America","2461.06","7"
"RB-1979518","Ross Baird","South America","2332.96","8"
"JH-161805","Justin Hirsh","South America","2300.62","9"
"PV-1898518","Paul Van Hugh","South America","2297.96","10"
"VF-2171518","Vicky Freymann","South America","2221.80","11"
"TS-2134018","Toby Swindell","South America","2171.30","12"
"PS-1904518","Penelope Sewall","South America","2124.50","13"
"RK-1930018","Ralph Kennedy","South America","1938.24","14"
"FC-1424528","Frank Carlisle","South America","1869.72","15"
"PS-1897028","Paul Stevenson","South America","1792.40","16"
"VG-217905","Vivek Gonzalez","South America","1682.75","17"
"NS-1850528","Neola Schneider","South America","1655.96","18"
"CR-1273028","Craig Reiter","South America","1480.37","19"
"LH-1690018","Lena Hernandez","South America","1455.08","20"
"SM-2000518","Sally Matthias","South America","1411.20","21"
"AH-1021018","Alan Hwang","South America","1403.36","22"
"CS-1184516","Cari Sayre","South America","1401.84","23"
"CL-1189018","Carl Ludwig","South America","1363.20","24"
"SC-2072518","Steven Cartwright","South America","1274.24","25"
"EB-1397518","Erica Bern","South America","1264.47","26"
"JL-1517518","James Lanier","South America","1236.48","27"
"GM-1444037","Gary McGarr","South America","1213.19","28"
"BS-1136518","Bill Shonely","South America","997.80","29"
"HE-1480018","Harold Engle","South America","980.32","30"
"MC-1757518","Matt Collins","South America","919.26","31"
"KD-1627018","Karen Daniels","South America","897.48","32"
"MG-1820518","Mitch Gastineau","South America","875.22","33"
"AF-1087018","Art Ferguson","South America","856.92","34"
"JK-15370100","Jay Kimmel","South America","820.08","35"
"CC-1237026","Christopher Conant","South America","803.52","36"
"CR-1273018","Craig Reiter","South America","740.18","37"
"DK-1289559","Dana Kaydos","Southeastern Asia","5090.40","1"
"BS-1180059","Bryan Spruell","Southeastern Asia","4135.64","2"
"AM-1070559","Anne McFarland","Southeastern Asia","3967.12","3"
"EM-14200130","Evan Minnotte","Southeastern Asia","3741.52","4"
"SP-20920130","Susan Pistek","Southeastern Asia","3712.59","5"
"FH-1427559","Frank Hawley","Southeastern Asia","3707.35","6"
"MC-1742559","Mark Cousins","Southeastern Asia","3696.03","7"
"PM-1894059","Paul MacIntyre","Southeastern Asia","3637.60","8"
"KH-1633059","Katharine Harms","Southeastern Asia","3501.74","9"
"LA-1678059","Laura Armstrong","Southeastern Asia","3427.15","10"
"TA-21385102","Tom Ashbrook","Southeastern Asia","3386.86","11"
"JK-1612059","Julie Kriz","Southeastern Asia","3278.58","12"
"JB-1600059","Joy Bell-","Southeastern Asia","3200.60","13"
"CS-12175130","Charles Sheldon","Southeastern Asia","3181.77","14"
"AD-1018059","Alan Dominguez","Southeastern Asia","3126.40","15"
"BS-1138059","Bill Stewart","Southeastern Asia","2991.10","16"
"HG-1502559","Hunter Glantz","Southeastern Asia","2910.08","17"
"HR-14770102","Hallie Redmond","Southeastern Asia","2841.66","18"
"JS-1559559","Jill Stevenson","Southeastern Asia","2821.72","19"
"CM-1211578","Chad McGuire","Southeastern Asia","2761.20","20"
"MM-1726078","Magdelene Morse","Southeastern Asia","2747.70","21"
"JF-1519021","Jamie Frazer","Southeastern Asia","2673.36","22"
"BN-11470130","Brad Norvell","Southeastern Asia","2667.54","23"
"SW-2024559","Scot Wooten","Southeastern Asia","2645.38","24"
"AA-10480130","Andrew Allen","Southeastern Asia","2645.38","24"
"BG-1174078","Bruce Geld","Southeastern Asia","2555.64","25"
"EP-1391559","Emily Phan","Southeastern Asia","2539.88","26"
"SC-20695102","Steve Chapman","Southeastern Asia","2465.82","27"
"MP-18175144","Mike Pelletier","Southeastern Asia","2190.95","28"
"DV-1304559","Darrin Van Huff","Southeastern Asia","2189.09","29"
"SW-2035059","Sean Wendt","Southeastern Asia","2166.90","30"
"KM-16720102","Kunst Miller","Southeastern Asia","2152.96","31"
"EB-1393059","Eric Barreto","Southeastern Asia","2063.77","32"
"EJ-13720113","Ed Jacobs","Southeastern Asia","2051.10","33"
"TS-2150559","Tony Sayre","Southeastern Asia","2051.01","34"
"DW-1354078","Don Weiss","Southeastern Asia","1954.17","35"
"TH-21550130","Tracy Hopkins","Southeastern Asia","1854.93","36"
"SV-2078559","Stewart Visinsky","Southeastern Asia","1803.08","37"
"TC-21295130","Toby Carlisle","Southeastern Asia","1798.68","38"
"VF-21715102","Vicky Freymann","Southeastern Asia","1725.75","39"
"AG-1033059","Alex Grayson","Southeastern Asia","1722.28","40"
"ED-13885144","Emily Ducich","Southeastern Asia","1719.81","41"
"MG-17680144","Maureen Gastineau","Southeastern Asia","1680.61","42"
"RP-19855130","Roy Phan","Southeastern Asia","1587.00","43"
"PL-1892588","Paul Lucas","Southeastern Asia","1549.13","44"
"JM-15265102","Janet Molinari","Southeastern Asia","1538.72","45"
"AM-10705102","Anne McFarland","Southeastern Asia","1482.39","46"
"SC-20380102","Shahid Collister","Southeastern Asia","1433.84","47"
"AP-1091559","Arthur Prichep","Southeastern Asia","1421.54","48"
"BP-11290113","Beth Paige","Southeastern Asia","1282.23","49"
"JS-1603059","Joy Smith","Southeastern Asia","1242.59","50"
"KB-1631578","Karl Braun","Southeastern Asia","1226.19","51"
"TC-21145102","Theresa Coyne","Southeastern Asia","1189.28","52"
"CR-12580144","Clay Rozendal","Southeastern Asia","1161.20","53"
"KM-1672078","Kunst Miller","Southeastern Asia","1120.77","54"
"ML-1739559","Marina Lichtenstein","Southeastern Asia","1091.28","55"
"CB-1202559","Cassandra Brandow","Southeastern Asia","1053.87","56"
"KH-16510102","Keith Herrera","Southeastern Asia","1046.25","57"
"IM-1507059","Irene Maddox","Southeastern Asia","1043.93","58"
"PC-1900078","Pauline Chand","Southeastern Asia","1031.40","59"
"PS-1876059","Pamela Stobb","Southeastern Asia","1029.26","60"
"TG-2164078","Trudy Glocke","Southeastern Asia","1014.72","61"
"EB-1384059","Ellis Ballard","Southeastern Asia","893.56","62"
"KD-1627059","Karen Daniels","Southeastern Asia","886.14","63"
"EH-1412578","Eugene Hildebrand","Southeastern Asia","881.10","64"
"JH-1618059","Justin Hirsh","Southeastern Asia","796.82","65"
"JE-1616559","Justin Ellison","Southeastern Asia","677.64","66"
"BM-1114059","Becky Martin","Southeastern Asia","473.85","67"
"GR-456072","Georgia Rosenberg","Southern Africa","3799.08","1"
"PA-9060117","Pete Armstrong","Southern Africa","2784.60","2"
"MV-8190117","Mike Vittorini","Southern Africa","2550.00","3"
"CV-280572","Cynthia Voltz","Southern Africa","2544.60","4"
"CM-1830117","Cari MacIntyre","Southern Africa","2182.68","5"
"LT-7110117","Liz Thompson","Southern Africa","1885.32","6"
"RW-9540117","Rick Wilson","Southern Africa","1867.50","7"
"TB-1152089","Tracy Blumstein","Southern Africa","1464.12","8"
"AB-10060117","Adam Bellavance","Southern Africa","1237.56","9"
"JB-5400117","Jennifer Braxton","Southern Africa","1057.80","10"
"CP-2085117","Cathy Prescott","Southern Africa","889.02","11"
"CA-1277558","Cynthia Arntzen","Southern Asia","9298.98","1"
"VG-2180558","Vivek Grady","Southern Asia","8539.41","2"
"BF-1100558","Barry Franz","Southern Asia","8141.07","3"
"BT-1153058","Bradley Talbott","Southern Asia","5451.30","4"
"AJ-107801","Anthony Jacobs","Southern Asia","4626.15","5"
"CL-1270058","Craig Leslie","Southern Asia","4498.83","6"
"LT-1676558","Larry Tron","Southern Asia","4298.85","7"
"CP-1234058","Christine Phan","Southern Asia","4001.04","8"
"DM-1334558","Denise Monton","Southern Asia","3964.29","9"
"BK-1126011","Berenike Kampe","Southern Asia","3728.43","10"
"GP-1474058","Guy Phonely","Southern Asia","3662.07","11"
"MG-1820558","Mitch Gastineau","Southern Asia","3592.02","12"
"SN-2056097","Skye Norling","Southern Asia","3499.16","13"
"KN-670560","Kristina Nunn","Southern Asia","3369.24","14"
"KB-1660058","Ken Brennan","Southern Asia","3274.02","15"
"JW-1522058","Jane Waco","Southern Asia","3271.20","16"
"CR-1282058","Cyra Reiten","Southern Asia","3194.55","17"
"DL-1333058","Denise Leinenbach","Southern Asia","3187.20","18"
"DK-1298558","Darren Koutras","Southern Asia","3180.30","19"
"DO-1343558","Denny Ordway","Southern Asia","3094.56","20"
"NC-1862511","Noah Childs","Southern Asia","3078.72","21"
"EM-1381058","Eleni McCrary","Southern Asia","3076.50","22"
"CS-1246011","Chuck Sachs","Southern Asia","3063.27","23"
"ZC-2191058","Zuschuss Carroll","Southern Asia","3040.80","24"
"BS-166560","Brian Stugart","Southern Asia","2962.68","25"
"SW-2027558","Scott Williamson","Southern Asia","2897.43","26"
"CM-1181597","Candace McMahon","Southern Asia","2863.08","27"
"JR-1570058","Jocasta Rupert","Southern Asia","2799.63","28"
"TT-2107058","Ted Trevino","Southern Asia","2756.34","29"
"CS-1246058","Chuck Sachs","Southern Asia","2673.81","30"
"AC-1045058","Amy Cox","Southern Asia","2664.00","31"
"JS-1603097","Joy Smith","Southern Asia","2584.01","32"
"MS-1798058","Michael Stewart","Southern Asia","2582.16","33"
"AP-1072058","Anne Pryor","Southern Asia","2582.16","33"
"NF-1838511","Natalie Fritzler","Southern Asia","2575.92","34"
"MG-1814558","Mike Gockenbach","Southern Asia","2572.74","35"
"AF-1088558","Art Foster","Southern Asia","2550.00","36"
"TB-2119058","Thomas Brumley","Southern Asia","2544.60","37"
"JK-1609058","Juliana Krohn","Southern Asia","2488.56","38"
"KD-1634558","Katherine Ducich","Southern Asia","2485.62","39"
"NZ-1856558","Nick Zandusky","Southern Asia","2372.22","40"
"RM-1937558","Raymond Messe","Southern Asia","2301.00","41"
"EM-1396058","Eric Murdock","Southern Asia","2249.16","42"
"EM-1414058","Eugene Moren","Southern Asia","2194.53","43"
"CD-1228058","Christina DeMoss","Southern Asia","2190.75","44"
"MG-1789097","Michael Granlund","Southern Asia","2117.22","45"
"TG-1164060","Trudy Glocke","Southern Asia","2108.64","46"
"TS-2137058","Todd Sumrall","Southern Asia","2077.32","47"
"AG-52560","Andy Gerbode","Southern Asia","2021.88","48"
"CS-1184558","Cari Sayre","Southern Asia","1920.36","49"
"DP-1316558","David Philippe","Southern Asia","1917.00","50"
"LR-1691558","Lena Radford","Southern Asia","1908.45","51"
"BP-1123058","Benjamin Patterson","Southern Asia","1878.72","52"
"MC-1784558","Michael Chen","Southern Asia","1850.46","53"
"JM-1586597","John Murray","Southern Asia","1704.87","54"
"KM-672060","Kunst Miller","Southern Asia","1647.00","55"
"BW-1111058","Bart Watters","Southern Asia","1607.76","56"
"CC-1237011","Christopher Conant","Southern Asia","1591.56","57"
"SV-2081558","Stuart Van","Southern Asia","1590.60","58"
"HG-1496597","Henry Goldwyn","Southern Asia","1582.11","59"
"AS-28560","Alejandro Savely","Southern Asia","1531.20","60"
"SG-2047058","Sheri Gordon","Southern Asia","1526.52","61"
"DR-1294058","Daniel Raglin","Southern Asia","1395.00","62"
"TC-2098058","Tamara Chand","Southern Asia","1391.76","63"
"CC-1268558","Craig Carroll","Southern Asia","1302.96","64"
"BM-165060","Brian Moss","Southern Asia","1291.08","65"
"CC-1247558","Cindy Chapman","Southern Asia","1272.72","66"
"SC-2080058","Stuart Calhoun","Southern Asia","1236.33","67"
"CH-207060","Cathy Hwang","Southern Asia","1198.56","68"
"MZ-751560","Mary Zewe","Southern Asia","1141.80","69"
"MH-1811558","Mick Hernandez","Southern Asia","1094.22","70"
"AB-1010558","Adrian Barton","Southern Asia","1066.68","71"
"AS-1028558","Alejandro Savely","Southern Asia","969.36","72"
"CY-1274558","Craig Yedwab","Southern Asia","959.76","73"
"DM-1352558","Don Miller","Southern Asia","840.60","74"
"JE-1561058","Jim Epp","Southern Asia","840.15","75"
"MR-1754558","Mathew Reese","Southern Asia","763.92","76"
"MG-768060","Maureen Gastineau","Southern Asia","731.34","77"
"LW-1682558","Laurel Workman","Southern Asia","723.30","78"
"PM-913560","Peter McVee","Southern Asia","642.69","79"
"PJ-1883564","Patrick Jones","Southern Europe","7958.58","1"
"SP-2092064","Susan Pistek","Southern Europe","3979.29","2"
"DK-12835120","Damala Kotsonis","Southern Europe","3801.63","3"
"SS-20140104","Saphhira Shifley","Southern Europe","3399.66","4"
"TS-1143085","Tom Stivers","Southern Europe","3234.24","5"
"RB-19570120","Rob Beeghly","Southern Europe","3063.27","6"
"BG-1103564","Barry Gonzalez","Southern Europe","2927.28","7"
"BV-11245120","Benjamin Venier","Southern Europe","2879.82","8"
"MG-1769564","Maureen Gnade","Southern Europe","2847.36","9"
"JF-15295120","Jason Fortune-","Southern Europe","2821.44","10"
"VP-21760120","Victoria Pisteka","Southern Europe","2711.70","11"
"SB-2029064","Sean Braxton","Southern Europe","2671.41","12"
"QJ-1925564","Quincy Jones","Southern Europe","2593.80","13"
"GZ-1447064","Gary Zandusky","Southern Europe","2553.18","14"
"AR-1051064","Andrew Roberts","Southern Europe","2546.46","15"
"BW-11110120","Bart Watters","Southern Europe","2477.55","16"
"ES-14020120","Erica Smith","Southern Europe","2476.08","17"
"NM-18520120","Neoma Murray","Southern Europe","2342.40","18"
"FH-14365120","Fred Hopkins","Southern Europe","2295.00","19"
"AB-10150120","Aimee Bixby","Southern Europe","2219.18","20"
"DK-13090120","Dave Kipp","Southern Europe","2188.05","21"
"RD-19585120","Rob Dowd","Southern Europe","2097.12","22"
"BP-11230120","Benjamin Patterson","Southern Europe","2080.32","23"
"LT-1676564","Larry Tron","Southern Europe","1856.34","24"
"GT-14710120","Greg Tran","Southern Europe","1838.52","25"
"RB-19330120","Randy Bradley","Southern Europe","1814.25","26"
"CM-1211564","Chad McGuire","Southern Europe","1715.91","27"
"SC-102302","Scot Coram","Southern Europe","1619.10","28"
"FM-1421564","Filia McAdams","Southern Europe","1552.50","29"
"PC-19000120","Pauline Chand","Southern Europe","1523.66","30"
"CK-1220564","Chloris Kastensmidt","Southern Europe","1513.56","31"
"JD-16060120","Julia Dunbar","Southern Europe","1392.63","32"
"GH-14410120","Gary Hansen","Southern Europe","1330.99","33"
"ME-1732064","Maria Etezadi","Southern Europe","1307.97","34"
"SW-2027564","Scott Williamson","Southern Europe","1145.23","35"
"RF-19345120","Randy Ferguson","Southern Europe","1136.94","36"
"SC-20305120","Sean Christensen","Southern Europe","1091.25","37"
"PO-19195120","Phillina Ober","Southern Europe","983.88","38"
"DM-1301564","Darrin Martin","Southern Europe","925.02","39"
"EH-14005120","Erica Hernandez","Southern Europe","845.21","40"
"CC-1267064","Craig Carreira","Southern Europe","803.52","41"
"DJ-88887148","Denny Joy","Southern Europe","728.53","42"
"TB-2117564","Thomas Boland","Southern Europe","597.36","43"
"TT-114602","Tonja Turnell","Southern Europe","553.92","44"
"AS-102251408","Alan Schoenberger","Southern US","2216.80","1"
"AH-102101408","Alan Hwang","Southern US","1943.00","2"
"AH-101951408","Alan Haines","Southern US","1410.07","3"
"AB-101051408","Adrian Barton","Southern US","843.84","4"
"AS-100451408","Aaron Smayling","Southern US","771.61","5"
"AH-100751408","Adam Hart","Southern US","355.08","6"
"AB-100601408","Adam Bellavance","Southern US","334.20","7"
"AH-101201408","Adrian Hane","Southern US","201.09","8"
"AB-101651408","Alan Barnes","Southern US","163.96","9"
"AH-100301408","Aaron Hawkins","Southern US","86.45","10"
"AS-100901408","Adam Shillingsburg","Southern US","34.65","11"
"JW-5220111","Jane Waco","Western Africa","3908.88","1"
"RH-9495111","Rick Hansen","Western Africa","2832.96","2"
"SV-1078529","Stewart Visinsky","Western Africa","1767.60","3"
"MT-807095","Michelle Tran","Western Africa","1669.25","4"
"NC-834073","Nat Carroll","Western Africa","1429.44","5"
"DO-343515","Denny Ordway","Western Africa","1377.90","6"
"SM-1032029","Sean Miller","Western Africa","1253.76","7"
"JD-606049","Julia Dunbar","Western Africa","1239.00","8"
"LC-7050110","Liz Carlisle","Western Asia","5211.12","1"
"LM-7065105","Liz MacKendrick","Western Asia","4148.76","2"
"MM-7260110","Magdelene Morse","Western Asia","3824.52","3"
"BD-163561","Brian Derr","Western Asia","3425.40","4"
"MS-7830110","Melanie Seite","Western Asia","2563.92","5"
"JL-58359","John Lee","Western Asia","2058.00","6"
"SG-1047047","Sheri Gordon","Western Asia","1900.44","7"
"SV-10815126","Stuart Van","Western Asia","1570.18","8"
"EH-418561","Evan Henry","Western Asia","1467.36","9"
"MW-8220110","Mitch Webber","Western Asia","1302.78","10"
"CV-2805134","Cynthia Voltz","Western Asia","1142.64","11"
"EH-4125134","Eugene Hildebrand","Western Asia","1136.66","12"
"TH-1123561","Tiffany House","Western Asia","1071.84","13"
"SF-10200134","Sarah Foster","Western Asia","934.25","14"
"DL-333061","Denise Leinenbach","Western Asia","929.34","15"
"MC-7575110","Matt Collins","Western Asia","621.00","16"
"HG-1484545","Harry Greene","Western Europe","5729.35","1"
"EH-1412545","Eugene Hildebrand","Western Europe","4876.88","2"
"DK-1315048","David Kendrick","Western Europe","4748.44","3"
"LH-1715545","Logan Haushalter","Western Europe","4611.21","4"
"ON-1871545","Odella Nelson","Western Europe","4544.10","5"
"EM-1406548","Erin Mull","Western Europe","4506.87","6"
"MS-1798048","Michael Stewart","Western Europe","4473.00","7"
"PO-1886545","Patrick O'Donnell","Western Europe","4448.83","8"
"JH-1582048","John Huston","Western Europe","4228.56","9"
"AF-1087014","Art Ferguson","Western Europe","4195.20","10"
"NF-1847548","Neil Französisch","Western Europe","3957.41","11"
"PS-1876048","Pamela Stobb","Western Europe","3873.24","12"
"DB-1306048","Dave Brooks","Western Europe","3616.50","13"
"TH-21235125","Tiffany House","Western Europe","3421.71","14"
"LR-1703548","Lisa Ryan","Western Europe","3227.70","15"
"JB-1600048","Joy Bell-","Western Europe","3219.90","16"
"MZ-1733545","Maria Zettner","Western Europe","3155.54","17"
"TB-2105545","Ted Butterfield","Western Europe","3150.82","18"
"EB-1411048","Eugene Barchas","Western Europe","3069.74","19"
"ZC-2191048","Zuschuss Carroll","Western Europe","3018.62","20"
"JM-1525045","Janet Martin","Western Europe","2958.98","21"
"CM-1219045","Charlotte Melton","Western Europe","2953.58","22"
"BH-1171048","Brosina Hoffman","Western Europe","2944.08","23"
"CM-1183045","Cari MacIntyre","Western Europe","2910.19","24"
"NF-183858","Natalie Fritzler","Western Europe","2899.89","25"
"KM-1637548","Katherine Murray","Western Europe","2892.51","26"
"SP-2086045","Sung Pak","Western Europe","2891.70","27"
"DM-1352548","Don Miller","Western Europe","2875.77","28"
"EB-1384045","Ellis Ballard","Western Europe","2871.78","29"
"SH-2063548","Stefanie Holloman","Western Europe","2794.25","30"
"SS-2041045","Shahid Shariari","Western Europe","2764.33","31"
"EG-1390045","Emily Grady","Western Europe","2756.94","32"
"VM-2168591","Valerie Mitchum","Western Europe","2570.87","33"
"JB-1592548","Joni Blumstein","Western Europe","2570.76","34"
"CB-1241548","Christy Brittain","Western Europe","2544.24","35"
"TG-2164014","Trudy Glocke","Western Europe","2489.40","36"
"SV-2078545","Stewart Visinsky","Western Europe","2486.64","37"
"PC-1900048","Pauline Chand","Western Europe","2478.84","38"
"MF-1825045","Monica Federle","Western Europe","2456.62","39"
"BB-1154548","Brenda Bowman","Western Europe","2455.68","40"
"CD-1279048","Cynthia Delaney","Western Europe","2442.07","41"
"NZ-1856545","Nick Zandusky","Western Europe","2432.16","42"
"BS-1136545","Bill Shonely","Western Europe","2402.87","43"
"AM-10705125","Anne McFarland","Western Europe","2380.50","44"
"SJ-2050045","Shirley Jackson","Western Europe","2364.10","45"
"CS-118608","Cari Schnelling","Western Europe","2345.61","46"
"CC-1214548","Charles Crestani","Western Europe","2305.26","47"
"KC-1667548","Kimberly Carter","Western Europe","2296.71","48"
"AF-1087048","Art Ferguson","Western Europe","2291.84","49"
"CC-1261048","Corey Catlett","Western Europe","2283.71","50"
"TC-2129545","Toby Carlisle","Western Europe","2228.64","51"
"DB-1297045","Darren Budd","Western Europe","2123.03","52"
"DJ-1342045","Denny Joy","Western Europe","2102.83","53"
"KB-1658548","Ken Black","Western Europe","2088.24","54"
"SC-208458","Sung Chung","Western Europe","2056.05","55"
"JR-1567048","Jim Radford","Western Europe","2039.80","56"
"LW-1699045","Lindsay Williams","Western Europe","2036.81","57"
"PM-1894045","Paul MacIntyre","Western Europe","2016.85","58"
"TC-2098045","Tamara Chand","Western Europe","2012.05","59"
"GM-1468091","Greg Matthias","Western Europe","1983.14","60"
"HD-1478548","Harold Dahlen","Western Europe","1964.25","61"
"DM-1295545","Dario Medina","Western Europe","1946.31","62"
"HM-14860125","Harry Marie","Western Europe","1913.40","63"
"MM-1805548","Michelle Moray","Western Europe","1908.18","64"
"BP-1118545","Ben Peterman","Western Europe","1869.59","65"
"SP-2092048","Susan Pistek","Western Europe","1857.06","66"
"SW-2075545","Steven Ward","Western Europe","1850.45","67"
"MM-1792045","Michael Moore","Western Europe","1824.14","68"
"TS-2150545","Tony Sayre","Western Europe","1765.40","69"
"RB-1933045","Randy Bradley","Western Europe","1696.25","70"
"SC-2009545","Sanjit Chand","Western Europe","1654.64","71"
"LD-1685545","Lela Donovan","Western Europe","1637.01","72"
"JK-1532545","Jason Klamczynski","Western Europe","1630.80","73"
"CA-1231045","Christine Abelman","Western Europe","1625.24","74"
"BS-1166545","Brian Stugart","Western Europe","1622.57","75"
"BF-1097545","Barbara Fisher","Western Europe","1622.18","76"
"AG-1090045","Arthur Gainer","Western Europe","1622.18","76"
"LW-1682545","Laurel Workman","Western Europe","1622.01","77"
"MT-1781545","Meg Tillman","Western Europe","1593.65","78"
"RD-1958514","Rob Dowd","Western Europe","1583.82","79"
"SK-1999045","Sally Knutson","Western Europe","1547.10","80"
"KN-1639048","Katherine Nockton","Western Europe","1527.12","81"
"RP-1927045","Rachel Payne","Western Europe","1505.98","82"
"BO-1142545","Bobby Odegard","Western Europe","1503.68","83"
"BE-1141048","Bobby Elias","Western Europe","1487.40","84"
"KM-1666048","Khloe Miller","Western Europe","1469.25","85"
"CD-1192045","Carlos Daly","Western Europe","1461.14","86"
"AW-1084091","Anthony Witt","Western Europe","1440.84","87"
"CA-1196548","Carol Adams","Western Europe","1361.04","88"
"FM-1421545","Filia McAdams","Western Europe","1355.13","89"
"CM-1265545","Corinna Mitchell","Western Europe","1320.01","90"
"DB-1306045","Dave Brooks","Western Europe","1306.47","91"
"GM-1444091","Gary McGarr","Western Europe","1273.13","92"
"TS-2143045","Tom Stivers","Western Europe","1257.46","93"
"FG-1426045","Frank Gastineau","Western Europe","1253.07","94"
"AF-1088545","Art Foster","Western Europe","1244.19","95"
"LS-1720045","Luke Schmidt","Western Europe","1238.61","96"
"GG-1465045","Greg Guthrie","Western Europe","1224.71","97"
"VM-2168545","Valerie Mitchum","Western Europe","1189.24","98"
"TW-2102545","Tamara Willingham","Western Europe","1181.55","99"
"FW-1439545","Fred Wasserman","Western Europe","1114.24","100"
"RA-1994545","Ryan Akin","Western Europe","1112.78","101"
"AH-100308","Aaron Hawkins","Western Europe","1100.52","102"
"MC-1784545","Michael Chen","Western Europe","1068.71","103"
"NB-1865548","Nona Balk","Western Europe","1066.45","104"
"Dl-1360045","Dorris liebe","Western Europe","980.52","105"
"IG-1508545","Ivan Gibson","Western Europe","977.02","106"
"JW-1595545","Joni Wasserman","Western Europe","943.87","107"
"AG-6758","Anna Gayman","Western Europe","922.95","108"
"FO-1430545","Frank Olsen","Western Europe","895.05","109"
"HK-1489045","Heather Kirkland","Western Europe","820.49","110"
"CC-1210045","Chad Cunningham","Western Europe","815.95","111"
"CK-1276045","Cyma Kinney","Western Europe","765.46","112"
"MV-1748545","Mark Van Huff","Western Europe","748.12","113"
"MB-1808545","Mick Brown","Western Europe","734.94","114"
"BS-1159045","Brendan Sweed","Western Europe","715.53","115"
"BW-1120045","Ben Wallace","Western Europe","704.05","116"
"HW-1493545","Helen Wasserman","Western Europe","676.49","117"
"HZ-1495045","Henia Zydlo","Western Europe","667.77","118"
"MT-1807045","Michelle Tran","Western Europe","656.86","119"
"AB-1001545","Aaron Bergman","Western Europe","632.04","120"
"MP-1817545","Mike Pelletier","Western Europe","627.28","121"
"AD-101801404","Alan Dominguez","Western US","4353.34","1"
"AB-100601404","Adam Bellavance","Western US","2693.92","2"
"AH-102101404","Alan Hwang","Western US","1864.40","3"
"AS-102251404","Alan Schoenberger","Western US","1527.30","4"
"AB-101051404","Adrian Barton","Western US","1330.17","5"
"AH-100301404","Aaron Hawkins","Western US","1328.13","6"
"AH-101201404","Adrian Hane","Western US","1309.88","7"
"AB-101651404","Alan Barnes","Western US","794.27","8"
"AS-100451404","Aaron Smayling","Western US","737.03","9"
"AH-100751404","Adam Hart","Western US","463.77","10"
"AB-100151404","Aaron Bergman","Western US","309.59","11"
"AS-100901404","Adam Shillingsburg","Western US","13.97","12"
"AS-101351404","Adrian Shami","Western US","4.18","13"
